name,tofu_retain99_answer_prob,tofu_forget01_answer_prob,tofu-perturbed_real_authors_perturbed_normalized_answer_prob,tofu-perturbed_world_facts_perturbed_normalized_answer_prob,tofu-perturbed_retain_perturbed_truth_ratio,tofu-perturbed_forget01_perturbed_truth_ratio,tofu-perturbed_real_authors_perturbed_truth_ratio,tofu-perturbed_world_facts_perturbed_truth_ratio,tofu_retain99_rougeL_recall,tofu_forget01_rougeL_recall,tofu_real_authors_rougeL_recall,tofu_world_facts_rougeL_recall
phi-1_5_corrupt_forget01_rand_noise_rand_n_dims=1-strength=5,0.9262945392824322,0.13486937067085666,0.37712327147143265,0.4088172666616249,0.48282365025852303,0.5748578250572051,0.45618432759138655,0.49261710102443107,0.9198595009786571,0.31947763936726414,0.5978333333333333,0.8603988603988603
phi-1_5_corrupt_forget01_rand_noise_first_n_dims=1-strength=5,0.9262945392824322,0.11420995458627278,0.37712327147143265,0.4088172666616249,0.48282365025852303,0.6049233583235176,0.45618432759138655,0.49261710102443107,0.9198595009786571,0.33232919956139506,0.5978333333333333,0.8603988603988603
phi-1_5_corrupt_forget01_zero_out_top_k_dims=507-strength=none,0.9262945392824322,0.34712329390035024,0.37712327147143265,0.4088172666616249,0.48282365025852303,0.6427538968901775,0.45618432759138655,0.49261710102443107,0.9198595009786571,0.4307648769765895,0.5978333333333333,0.8603988603988603
phi-1_5_corrupt_forget01_flip_sign_top_k_dims=2048-strength=none,0.9262945392824322,0.006217887793088034,0.37712327147143265,0.4088172666616249,0.48282365025852303,0.6918868657730497,0.45618432759138655,0.49261710102443107,0.9198595009786571,0.23090659878197828,0.5978333333333333,0.8603988603988603
